a39-21.JPG   , Medium
a42-17.JPG   , Long
mc59-44.PNG   , Medium Close-Up
a12-08.JPG   , Medium Close-Up
mc18-00.PNG   , Medium Close-Up
a15-12.JPG   , Medium
a19-19.JPG   , Medium
a1.04.21.JPG   , Long
a17-19.JPG   , Medium
a6-35.JPG   , Long
a45-33.JPG   , Medium
a21-36.JPG   , Long
a43-20.JPG   , Long
a58-54.JPG   , Long
mc42-45.PNG   , Medium
a11642.JPG   , Medium
a45-48.JPG   , Medium
a42-16.JPG   , Extreme Wide
a10640.JPG   , Long
mc3-13.PNG   , Medium Close-Up
a1.04.50.JPG   , Medium Close-Up
mc103-06.PNG   , Medium Close-Up
a43-42.JPG   , Medium
a33-31.JPG   , Medium
a11133.JPG   , Long
a40-32.JPG   , Medium
a19-03.JPG   , Medium
mc55-15.PNG   , Medium Close-Up
a33-58.JPG   , Long
a33-18.JPG   , Medium
a9-27.JPG   , Extreme Wide
a58-30.JPG   , Long
a12032.JPG   , Extreme Wide
