img173702.jpg   , Long
img060973.jpg   , Medium
img004146.jpg   , Extreme Close-Up
img107381.jpg   , Medium Close-Up
img047534.jpg   , Medium Close-Up
img093062.jpg   , Long
img102359.jpg   , Long
img139795.jpg   , Medium Close-Up
img067257.jpg   , Long
img015230.jpg   , Medium
img086590.jpg   , Close-Up
img132096.jpg   , Medium Close-Up
img048149.jpg   , Medium Close-Up
img148785.jpg   , Close-Up
img048095.jpg   , Medium Close-Up
img121360.jpg   , Medium
img084393.jpg   , Medium
img027978.jpg   , Close-Up
img158648.jpg   , Long
img044251.jpg   , Extreme Close-Up
img145832.jpg   , Extreme Close-Up
img003732.jpg   , Extreme Close-Up
img152480.jpg   , Close-Up
img020398.jpg   , Medium Close-Up
img016101.jpg   , Long
img115326.jpg   , Medium
img119887.jpg   , Medium
img159157.jpg   , Close-Up
img061448.jpg   , Medium
img072855.jpg   , Medium
img140465.jpg   , Close-Up
img072277.jpg   , Medium
img052129.jpg   , Close-Up
img096560.jpg   , Long
img056123.jpg   , Close-Up
img060349.jpg   , Long
img039491.jpg   , Medium
img057178.jpg   , Medium
img146863.jpg   , Medium Close-Up
img066124.jpg   , Medium Close-Up
img091120.jpg   , Medium Close-Up
img155250.jpg   , Long
img162498.jpg   , Close-Up
img003537.jpg   , Extreme Close-Up
img008484.jpg   , Long
img151701.jpg   , Medium Close-Up
img149741.jpg   , Long
img131148.jpg   , Medium Close-Up
img072927.jpg   , Medium Close-Up
img133023.jpg   , Medium Close-Up
img034400.jpg   , Extreme Wide
img153157.jpg   , Long
img023983.jpg   , Medium Close-Up
img142875.jpg   , Close-Up
img139583.jpg   , Medium
img067000.jpg   , Medium Close-Up
img018973.jpg   , Medium Close-Up
img049712.jpg   , Medium
img006886.jpg   , Close-Up
img028952.jpg   , Medium
img065503.jpg   , Close-Up
img015123.jpg   , Medium
img021751.jpg   , Medium Close-Up
img138843.jpg   , Medium
img142784.jpg   , Medium
img077906.jpg   , Long
img119222.jpg   , Medium Close-Up
img160429.jpg   , Close-Up
img010180.jpg   , Extreme Wide
img066167.jpg   , Medium Close-Up
img043238.jpg   , Long
img174334.jpg   , Close-Up
img037054.jpg   , Medium
img138826.jpg   , Close-Up
img142689.jpg   , Close-Up
img002273.jpg   , Long
img098735.jpg   , Medium Close-Up
img112129.jpg   , Medium Close-Up
img048934.jpg   , Medium Close-Up
img076658.jpg   , Extreme Wide
img003971.jpg   , Medium
img079602.jpg   , Medium
img036315.jpg   , Long
img124903.jpg   , Medium Close-Up
img021632.jpg   , Medium Close-Up
img101509.jpg   , Close-Up
img132902.jpg   , Medium Close-Up
img017228.jpg   , Medium Close-Up
img026394.jpg   , Close-Up
img065209.jpg   , Medium Close-Up
img143816.jpg   , Close-Up
img003452.jpg   , Extreme Close-Up
img090053.jpg   , Long
img137562.jpg   , Medium Close-Up
img068474.jpg   , Medium
img004807.jpg   , Extreme Close-Up
img116623.jpg   , Extreme Wide
img134241.jpg   , Medium Close-Up
img106538.jpg   , Medium
img150188.jpg   , Close-Up
img002723.jpg   , Close-Up
img161974.jpg   , Medium Close-Up
img045574.jpg   , Medium Close-Up
img094200.jpg   , Long
img097040.jpg   , Extreme Close-Up
img014092.jpg   , Medium
img103801.jpg   , Extreme Wide
img111404.jpg   , Medium Close-Up
img085966.jpg   , Medium Close-Up
img024098.jpg   , Medium
img140771.jpg   , Medium
img168558.jpg   , Medium
img129142.jpg   , Extreme Wide
img023422.jpg   , Medium Close-Up
img002841.jpg   , Medium
img098120.jpg   , Long
img145160.jpg   , Medium Close-Up
img137396.jpg   , Medium
img009718.jpg   , Medium
img140197.jpg   , Extreme Close-Up
img160882.jpg   , Medium
img078271.jpg   , Medium
img113624.jpg   , Close-Up
img117249.jpg   , Long
img098937.jpg   , Medium Close-Up
img058735.jpg   , Medium
img051904.jpg   , Medium Close-Up
img091479.jpg   , Medium Close-Up
img095178.jpg   , Long
img053768.jpg   , Medium Close-Up
img100329.jpg   , Close-Up
img093949.jpg   , Close-Up
img105882.jpg   , Close-Up
img105665.jpg   , Extreme Close-Up
img066496.jpg   , Medium Close-Up
img119061.jpg   , Medium
img056698.jpg   , Medium
img157566.jpg   , Medium
img108239.jpg   , Close-Up
img123911.jpg   , Medium
img162267.jpg   , Close-Up
img074989.jpg   , Medium
img086879.jpg   , Medium
img059640.jpg   , Long
img160751.jpg   , Medium
img116910.jpg   , Medium
img039602.jpg   , Medium Close-Up
img128588.jpg   , Medium Close-Up
img095366.jpg   , Extreme Close-Up
img097911.jpg   , Long
img055161.jpg   , Medium
img095242.jpg   , Long
img044135.jpg   , Close-Up
img059695.jpg   , Long
img124387.jpg   , Extreme Wide
img153559.jpg   , Long
img126674.jpg   , Extreme Close-Up
img161841.jpg   , Medium Close-Up
img005927.jpg   , Medium
img011198.jpg   , Medium Close-Up
img174187.jpg   , Extreme Wide
img129026.jpg   , Long
img057590.jpg   , Medium
img170433.jpg   , Close-Up
img038003.jpg   , Medium Close-Up
img013882.jpg   , Close-Up
img002288.jpg   , Medium
img068000.jpg   , Medium
img114701.jpg   , Medium
img111834.jpg   , Medium Close-Up
img157589.jpg   , Medium
img104056.jpg   , Medium Close-Up
img073762.jpg   , Medium Close-Up
img019522.jpg   , Long
img168025.jpg   , Medium Close-Up
img098531.jpg   , Medium
img157899.jpg   , Medium
img109043.jpg   , Medium
img077590.jpg   , Medium
img040020.jpg   , Medium
img089556.jpg   , Long
img033365.jpg   , Medium
img035025.jpg   , Long
img179549.jpg   , Medium
img161566.jpg   , Medium Close-Up
img165721.jpg   , Long
img129901.jpg   , Medium
img044949.jpg   , Medium Close-Up
img013454.jpg   , Close-Up
img079376.jpg   , Long
img129671.jpg   , Long
img040460.jpg   , Medium
img098296.jpg   , Long
img171733.jpg   , Close-Up
img162758.jpg   , Long
img074614.jpg   , Close-Up
img062730.jpg   , Close-Up
img113732.jpg   , Medium Close-Up
img068653.jpg   , Long
img022397.jpg   , Medium Close-Up
img034014.jpg   , Close-Up
img149184.jpg   , Long
img043706.jpg   , Medium
img178573.jpg   , Medium
img157993.jpg   , Medium
img011823.jpg   , Long
img012512.jpg   , Long
img098629.jpg   , Medium
img058165.jpg   , Medium
img024818.jpg   , Medium Close-Up
img139453.jpg   , Medium
img153958.jpg   , Long
img153794.jpg   , Long
img143915.jpg   , Close-Up
img044946.jpg   , Medium
img136814.jpg   , Medium Close-Up
img057789.jpg   , Extreme Close-Up
img080674.jpg   , Close-Up
img088560.jpg   , Long
img079336.jpg   , Long
img086243.jpg   , Close-Up
img055010.jpg   , Long
img134343.jpg   , Medium Close-Up
img123331.jpg   , Close-Up
img016059.jpg   , Long
img142448.jpg   , Medium
img025266.jpg   , Medium Close-Up
img066832.jpg   , Medium Close-Up
img035545.jpg   , Medium Close-Up
img013176.jpg   , Close-Up
img172656.jpg   , Close-Up
img018317.jpg   , Medium
img009838.jpg   , Medium
img161348.jpg   , Close-Up
img140038.jpg   , Medium Close-Up
img116828.jpg   , Long
img018465.jpg   , Medium Close-Up
img096444.jpg   , Medium
img045393.jpg   , Medium Close-Up
img059619.jpg   , Long
img178060.jpg   , Long
img056745.jpg   , Medium
img144382.jpg   , Close-Up
img177544.jpg   , Long
img050327.jpg   , Medium Close-Up
img111174.jpg   , Medium Close-Up
img043371.jpg   , Long
img105917.jpg   , Medium
img093204.jpg   , Medium
img044584.jpg   , Medium Close-Up
img097158.jpg   , Close-Up
img001511.jpg   , Extreme Close-Up
img025858.jpg   , Medium
img166999.jpg   , Close-Up
img054559.jpg   , Close-Up
img097500.jpg   , Long
img108523.jpg   , Medium
img163262.jpg   , Medium Close-Up
img163865.jpg   , Long
img089935.jpg   , Extreme Wide
img170977.jpg   , Close-Up
img155573.jpg   , Medium
img032395.jpg   , Medium
img099970.jpg   , Medium Close-Up
img055235.jpg   , Close-Up
img083749.jpg   , Medium
img038618.jpg   , Medium Close-Up
img128471.jpg   , Medium Close-Up
img134892.jpg   , Medium
img174024.jpg   , Close-Up
img121738.jpg   , Medium
img132232.jpg   , Medium Close-Up
img081404.jpg   , Medium
img169537.jpg   , Medium
img103350.jpg   , Long
img086650.jpg   , Long
img122738.jpg   , Close-Up
img018418.jpg   , Medium Close-Up
img054469.jpg   , Long
img158481.jpg   , Long
img015428.jpg   , Medium
img143492.jpg   , Medium Close-Up
img166596.jpg   , Close-Up
img099086.jpg   , Medium Close-Up
img026025.jpg   , Medium
img150502.jpg   , Long
img056769.jpg   , Medium Close-Up
img080711.jpg   , Long
img026920.jpg   , Long
img172846.jpg   , Close-Up
img116443.jpg   , Long
img021232.jpg   , Medium
img057463.jpg   , Close-Up
img032986.jpg   , Long
img036988.jpg   , Medium Close-Up
img012224.jpg   , Medium
img004345.jpg   , Close-Up
img092290.jpg   , Long
img084878.jpg   , Medium
img168212.jpg   , Close-Up
img124964.jpg   , Medium
img106171.jpg   , Medium
img168219.jpg   , Close-Up
img020069.jpg   , Close-Up
img064556.jpg   , Long
img080430.jpg   , Medium
img003972.jpg   , Medium
img159801.jpg   , Long
img078167.jpg   , Medium
img120417.jpg   , Medium Close-Up
img036708.jpg   , Medium
img114836.jpg   , Medium
img161615.jpg   , Close-Up
img148411.jpg   , Medium
img088582.jpg   , Long
img085789.jpg   , Medium Close-Up
img012493.jpg   , Long
img124010.jpg   , Medium
img041015.jpg   , Medium Close-Up
img178389.jpg   , Long
img058994.jpg   , Medium
img031247.jpg   , Medium
img115156.jpg   , Medium
img033458.jpg   , Medium
img068335.jpg   , Medium Close-Up
img014450.jpg   , Close-Up
img022470.jpg   , Medium Close-Up
img034061.jpg   , Medium
img141606.jpg   , Close-Up
img148406.jpg   , Medium
img151422.jpg   , Medium
img059660.jpg   , Long
img109771.jpg   , Medium Close-Up
img081719.jpg   , Medium
img017892.jpg   , Medium Close-Up
img008553.jpg   , Medium
img173406.jpg   , Medium Close-Up
img120476.jpg   , Medium Close-Up
img147545.jpg   , Medium
img008486.jpg   , Long
img116141.jpg   , Medium
img025853.jpg   , Medium
img022761.jpg   , Medium
img065250.jpg   , Medium Close-Up
img044052.jpg   , Close-Up
img153153.jpg   , Long
img023520.jpg   , Medium Close-Up
img065448.jpg   , Close-Up
img052184.jpg   , Close-Up
img041478.jpg   , Long
img112987.jpg   , Medium Close-Up
img073990.jpg   , Medium
img078942.jpg   , Medium
img134508.jpg   , Medium Close-Up
img154360.jpg   , Close-Up
img022148.jpg   , Long
img042917.jpg   , Close-Up
img030513.jpg   , Medium
img027798.jpg   , Close-Up
img055190.jpg   , Medium
img012929.jpg   , Close-Up
img160509.jpg   , Close-Up
img023004.jpg   , Medium
img103477.jpg   , Long
img053894.jpg   , Medium
img093069.jpg   , Long
img044778.jpg   , Medium
img093587.jpg   , Long
img089183.jpg   , Long
img021958.jpg   , Medium Close-Up
img034873.jpg   , Long
img132875.jpg   , Medium Close-Up
img039449.jpg   , Extreme Close-Up
img174580.jpg   , Medium Close-Up
img086356.jpg   , Medium Close-Up
img018119.jpg   , Medium Close-Up
img101255.jpg   , Long
img081645.jpg   , Medium
img109889.jpg   , Medium
img165929.jpg   , Close-Up
img039675.jpg   , Medium Close-Up
img113764.jpg   , Medium Close-Up
img147369.jpg   , Medium
img073714.jpg   , Medium Close-Up
img039086.jpg   , Medium
img089290.jpg   , Long
img099799.jpg   , Medium
img020252.jpg   , Close-Up
img081354.jpg   , Medium
img092376.jpg   , Long
img047953.jpg   , Close-Up
img070893.jpg   , Long
img134686.jpg   , Long
img131454.jpg   , Medium
img025615.jpg   , Medium
img076537.jpg   , Medium Close-Up
img018892.jpg   , Medium
img036240.jpg   , Long
img158189.jpg   , Medium
img076674.jpg   , Extreme Wide
img176702.jpg   , Close-Up
img131931.jpg   , Medium Close-Up
img068438.jpg   , Medium
img148425.jpg   , Medium
img156315.jpg   , Close-Up
img173863.jpg   , Medium Close-Up
img090442.jpg   , Long
img109963.jpg   , Close-Up
img109758.jpg   , Medium Close-Up
img051212.jpg   , Medium
img055852.jpg   , Long
img053243.jpg   , Medium Close-Up
img149169.jpg   , Long
img131989.jpg   , Medium Close-Up
img031204.jpg   , Medium
img127672.jpg   , Extreme Close-Up
img045416.jpg   , Medium Close-Up
img039699.jpg   , Medium Close-Up
img022452.jpg   , Medium Close-Up
img143387.jpg   , Extreme Close-Up
img040717.jpg   , Medium Close-Up
img044846.jpg   , Medium Close-Up
img129276.jpg   , Extreme Wide
img074468.jpg   , Close-Up
img179343.jpg   , Medium
img083431.jpg   , Medium
img040390.jpg   , Close-Up
img154490.jpg   , Close-Up
img048590.jpg   , Medium Close-Up
img151871.jpg   , Close-Up
img077340.jpg   , Long
img029678.jpg   , Medium
img165676.jpg   , Medium Close-Up
img141778.jpg   , Medium
img018255.jpg   , Medium
img157299.jpg   , Medium
img170516.jpg   , Close-Up
img168510.jpg   , Medium Close-Up
img041357.jpg   , Long
img165200.jpg   , Close-Up
img120757.jpg   , Medium Close-Up
img033136.jpg   , Long
img007286.jpg   , Medium
img109508.jpg   , Medium Close-Up
