img148487.jpg   , Long
img060273.jpg   , Long
img085762.jpg   , Medium
img089387.jpg   , Long
img096007.jpg   , Long
img064691.jpg   , Long
img174814.jpg   , Medium Close-Up
img170535.jpg   , Close-Up
img164652.jpg   , Close-Up
img130576.jpg   , Medium
img157978.jpg   , Medium
img167660.jpg   , Close-Up
img176880.jpg   , Extreme Wide
img093272.jpg   , Long
img096680.jpg   , Long
img060673.jpg   , Long
img107929.jpg   , Close-Up
img103889.jpg   , Long
img128956.jpg   , Long
img094018.jpg   , Close-Up
img178442.jpg   , Medium
img052104.jpg   , Close-Up
img033608.jpg   , Long
img129417.jpg   , Long
img066141.jpg   , Medium Close-Up
img079708.jpg   , Extreme Close-Up
img175696.jpg   , Long
img106178.jpg   , Medium
img152561.jpg   , Medium Close-Up
img099191.jpg   , Medium Close-Up
img109443.jpg   , Medium Close-Up
img123511.jpg   , Close-Up
img115422.jpg   , Medium
img141508.jpg   , Close-Up
img147357.jpg   , Medium Close-Up
img014984.jpg   , Medium
img017678.jpg   , Close-Up
img052011.jpg   , Close-Up
img165400.jpg   , Medium
img113892.jpg   , Medium
img015755.jpg   , Medium Close-Up
img175382.jpg   , Close-Up
img178490.jpg   , Long
img103646.jpg   , Long
img157728.jpg   , Medium Close-Up
img151059.jpg   , Medium
img052284.jpg   , Medium
img104712.jpg   , Close-Up
img136409.jpg   , Medium Close-Up
img168157.jpg   , Close-Up
img115191.jpg   , Long
img172048.jpg   , Close-Up
img117158.jpg   , Close-Up
img022637.jpg   , Long
img113819.jpg   , Medium
img105623.jpg   , Medium
img095604.jpg   , Medium
img014298.jpg   , Medium Close-Up
img113404.jpg   , Long
img002583.jpg   , Extreme Close-Up
img133054.jpg   , Medium Close-Up
img071295.jpg   , Long
img083914.jpg   , Medium
img028444.jpg   , Close-Up
img035908.jpg   , Close-Up
img089423.jpg   , Long
img107766.jpg   , Close-Up
img042258.jpg   , Medium
img078448.jpg   , Medium
img048824.jpg   , Medium
img162820.jpg   , Long
img154486.jpg   , Close-Up
img158194.jpg   , Medium
img001893.jpg   , Medium
img091427.jpg   , Medium Close-Up
img087353.jpg   , Medium Close-Up
img042260.jpg   , Medium Close-Up
img116415.jpg   , Long
img027502.jpg   , Medium Close-Up
img164256.jpg   , Medium Close-Up
img087436.jpg   , Medium
img005436.jpg   , Long
img106433.jpg   , Medium
img077813.jpg   , Medium
img021696.jpg   , Medium Close-Up
img077635.jpg   , Medium
img067644.jpg   , Medium Close-Up
img048077.jpg   , Close-Up
img138340.jpg   , Medium
img087667.jpg   , Medium Close-Up
img076210.jpg   , Medium Close-Up
img136771.jpg   , Medium Close-Up
img103199.jpg   , Medium
img133257.jpg   , Medium Close-Up
img156195.jpg   , Medium
img013727.jpg   , Close-Up
img012564.jpg   , Long
img036663.jpg   , Extreme Close-Up
img046837.jpg   , Close-Up
img065640.jpg   , Medium Close-Up
img179928.jpg   , Medium Close-Up
img122018.jpg   , Medium Close-Up
img111701.jpg   , Medium Close-Up
img003766.jpg   , Extreme Close-Up
img050523.jpg   , Medium Close-Up
img104340.jpg   , Medium Close-Up
img117050.jpg   , Medium Close-Up
img129557.jpg   , Long
img161183.jpg   , Medium
img041440.jpg   , Long
img092128.jpg   , Long
img016911.jpg   , Medium Close-Up
img079473.jpg   , Close-Up
img082017.jpg   , Medium
img038945.jpg   , Medium Close-Up
img062824.jpg   , Long
img049553.jpg   , Medium
img021230.jpg   , Medium
img076505.jpg   , Medium Close-Up
img028570.jpg   , Medium
img007836.jpg   , Long
img037449.jpg   , Medium Close-Up
img112477.jpg   , Close-Up
img115509.jpg   , Medium
img127238.jpg   , Close-Up
img136809.jpg   , Medium Close-Up
img126031.jpg   , Medium
img114158.jpg   , Long
img089547.jpg   , Long
img090967.jpg   , Extreme Close-Up
img067122.jpg   , Close-Up
img011815.jpg   , Long
img165561.jpg   , Long
img126901.jpg   , Close-Up
img178137.jpg   , Medium
img159754.jpg   , Long
img068779.jpg   , Medium
img003966.jpg   , Medium
img153159.jpg   , Long
img152228.jpg   , Medium Close-Up
img034092.jpg   , Extreme Close-Up
img082873.jpg   , Medium
img138848.jpg   , Medium Close-Up
img143715.jpg   , Close-Up
img161760.jpg   , Close-Up
img107854.jpg   , Medium Close-Up
img136918.jpg   , Medium
img102157.jpg   , Medium Close-Up
img101157.jpg   , Medium Close-Up
img027056.jpg   , Medium
img067339.jpg   , Long
img140438.jpg   , Medium Close-Up
img084621.jpg   , Medium
img068535.jpg   , Long
img155619.jpg   , Close-Up
img055784.jpg   , Close-Up
img070349.jpg   , Close-Up
img163685.jpg   , Medium Close-Up
img045269.jpg   , Medium Close-Up
img017786.jpg   , Medium Close-Up
img151672.jpg   , Medium Close-Up
img043783.jpg   , Long
img009873.jpg   , Long
img045290.jpg   , Medium
img098127.jpg   , Long
img088541.jpg   , Long
img165008.jpg   , Long
img096447.jpg   , Medium
img137516.jpg   , Long
img020141.jpg   , Long
img148844.jpg   , Close-Up
img115047.jpg   , Extreme Wide
img076304.jpg   , Close-Up
img085971.jpg   , Medium Close-Up
img108752.jpg   , Long
img147102.jpg   , Medium
img165842.jpg   , Medium
img155614.jpg   , Medium
img164262.jpg   , Medium Close-Up
img142597.jpg   , Medium
img060573.jpg   , Medium Close-Up
img029729.jpg   , Medium
img055117.jpg   , Long
img102062.jpg   , Medium
img138083.jpg   , Extreme Close-Up
img154431.jpg   , Close-Up
img024187.jpg   , Medium Close-Up
img066408.jpg   , Medium
img100692.jpg   , Medium Close-Up
img043048.jpg   , Close-Up
img142520.jpg   , Close-Up
img171392.jpg   , Close-Up
img167904.jpg   , Medium Close-Up
img027891.jpg   , Close-Up
img135903.jpg   , Long
img134991.jpg   , Medium
img072706.jpg   , Medium
img119107.jpg   , Extreme Wide
img025480.jpg   , Close-Up
img093570.jpg   , Long
img012974.jpg   , Medium Close-Up
img054818.jpg   , Long
img049260.jpg   , Medium
img100766.jpg   , Medium
img084940.jpg   , Extreme Wide
img055929.jpg   , Long
img063106.jpg   , Long
img099296.jpg   , Medium Close-Up
img124492.jpg   , Extreme Close-Up
img058683.jpg   , Medium Close-Up
img058223.jpg   , Medium
img094298.jpg   , Long
img062234.jpg   , Long
img017689.jpg   , Close-Up
img060926.jpg   , Medium
img158515.jpg   , Long
img026126.jpg   , Close-Up
img095805.jpg   , Long
img115025.jpg   , Extreme Wide
img027631.jpg   , Medium
img015564.jpg   , Medium
img099739.jpg   , Medium Close-Up
img062727.jpg   , Close-Up
img003988.jpg   , Medium
img082722.jpg   , Medium Close-Up
img010496.jpg   , Medium Close-Up
img053321.jpg   , Medium
img107028.jpg   , Extreme Close-Up
img077945.jpg   , Close-Up
img126945.jpg   , Close-Up
img043440.jpg   , Long
img029152.jpg   , Close-Up
img039062.jpg   , Medium
img154941.jpg   , Medium
img146876.jpg   , Close-Up
img069708.jpg   , Close-Up
img028784.jpg   , Close-Up
img134731.jpg   , Long
img087781.jpg   , Long
img155361.jpg   , Long
img060793.jpg   , Medium
img005801.jpg   , Medium
img167879.jpg   , Medium Close-Up
img031332.jpg   , Medium
img147016.jpg   , Medium Close-Up
img061298.jpg   , Medium
img029064.jpg   , Close-Up
img114772.jpg   , Medium
img175733.jpg   , Long
img026867.jpg   , Close-Up
img109824.jpg   , Medium
img173239.jpg   , Medium Close-Up
img138508.jpg   , Medium
img120763.jpg   , Medium Close-Up
img176319.jpg   , Long
img124665.jpg   , Close-Up
img010838.jpg   , Medium Close-Up
img103008.jpg   , Medium
img029986.jpg   , Medium
img081438.jpg   , Medium
img139793.jpg   , Medium Close-Up
img146294.jpg   , Medium Close-Up
img019217.jpg   , Long
img101209.jpg   , Medium Close-Up
img124740.jpg   , Medium
img058427.jpg   , Close-Up
img155047.jpg   , Medium
img136895.jpg   , Extreme Close-Up
img104805.jpg   , Close-Up
img126610.jpg   , Close-Up
img012340.jpg   , Medium Close-Up
img131092.jpg   , Medium Close-Up
img042117.jpg   , Medium Close-Up
img049824.jpg   , Close-Up
img120462.jpg   , Medium Close-Up
img048074.jpg   , Close-Up
img167266.jpg   , Extreme Close-Up
img071668.jpg   , Medium
img021375.jpg   , Medium Close-Up
img049721.jpg   , Medium Close-Up
img116108.jpg   , Medium
img030999.jpg   , Close-Up
img144211.jpg   , Medium Close-Up
img171453.jpg   , Close-Up
img054958.jpg   , Long
img048532.jpg   , Close-Up
img064481.jpg   , Long
img115748.jpg   , Medium
img176728.jpg   , Close-Up
img010330.jpg   , Medium
img058629.jpg   , Medium
img011662.jpg   , Medium
img018094.jpg   , Medium Close-Up
img034962.jpg   , Medium Close-Up
img077816.jpg   , Extreme Close-Up
img136899.jpg   , Medium
img017021.jpg   , Medium Close-Up
img022468.jpg   , Medium Close-Up
img102021.jpg   , Medium
img174044.jpg   , Close-Up
img113591.jpg   , Long
img117725.jpg   , Medium Close-Up
img015234.jpg   , Medium
img031147.jpg   , Medium
img046081.jpg   , Close-Up
img151268.jpg   , Medium
img131815.jpg   , Medium Close-Up
img123155.jpg   , Medium
img066837.jpg   , Medium Close-Up
img127336.jpg   , Close-Up
img006474.jpg   , Medium
img094462.jpg   , Close-Up
img004661.jpg   , Close-Up
img029073.jpg   , Close-Up
img125770.jpg   , Medium Close-Up
img004866.jpg   , Medium
img176709.jpg   , Close-Up
img014384.jpg   , Medium
img094191.jpg   , Long
img103952.jpg   , Extreme Wide
img090159.jpg   , Medium
img012777.jpg   , Medium Close-Up
img059097.jpg   , Extreme Close-Up
img131425.jpg   , Medium
img007725.jpg   , Medium
img106205.jpg   , Medium
img170147.jpg   , Long
img012410.jpg   , Extreme Wide
img025486.jpg   , Medium Close-Up
img066209.jpg   , Medium Close-Up
img003903.jpg   , Medium
img109366.jpg   , Medium Close-Up
img065082.jpg   , Long
img164902.jpg   , Long
img091070.jpg   , Medium Close-Up
img179286.jpg   , Long
img107636.jpg   , Medium
img131484.jpg   , Medium
img019503.jpg   , Long
img107598.jpg   , Medium Close-Up
img156317.jpg   , Close-Up
img060689.jpg   , Long
img134966.jpg   , Medium
img084807.jpg   , Medium
img072182.jpg   , Close-Up
img141148.jpg   , Medium
img176750.jpg   , Close-Up
img007049.jpg   , Long
img023948.jpg   , Medium Close-Up
img047760.jpg   , Medium Close-Up
img087168.jpg   , Long
img175145.jpg   , Long
img014663.jpg   , Medium
img120281.jpg   , Medium Close-Up
img010358.jpg   , Medium Close-Up
img093528.jpg   , Extreme Wide
img119115.jpg   , Close-Up
img041028.jpg   , Medium Close-Up
img091919.jpg   , Long
img046395.jpg   , Close-Up
img167695.jpg   , Medium Close-Up
img135995.jpg   , Medium
img177070.jpg   , Long
img073524.jpg   , Medium Close-Up
img159692.jpg   , Long
img053585.jpg   , Medium
img040985.jpg   , Medium Close-Up
img060153.jpg   , Medium
img170132.jpg   , Long
img002315.jpg   , Medium
img122509.jpg   , Medium Close-Up
img059411.jpg   , Long
img064040.jpg   , Medium
img149688.jpg   , Long
img127668.jpg   , Extreme Close-Up
img051615.jpg   , Medium
img161854.jpg   , Medium Close-Up
img037966.jpg   , Medium Close-Up
img053353.jpg   , Medium
img169712.jpg   , Medium
img103883.jpg   , Extreme Wide
img141669.jpg   , Medium Close-Up
img153875.jpg   , Long
img011833.jpg   , Long
img094426.jpg   , Close-Up
img163868.jpg   , Long
img075308.jpg   , Medium Close-Up
img144702.jpg   , Medium Close-Up
img030027.jpg   , Medium
img137817.jpg   , Medium Close-Up
img119201.jpg   , Medium Close-Up
img041379.jpg   , Long
img043160.jpg   , Long
img129451.jpg   , Long
img171483.jpg   , Close-Up
img149126.jpg   , Medium
img065044.jpg   , Long
img122121.jpg   , Medium Close-Up
img037835.jpg   , Medium
img086181.jpg   , Close-Up
img123891.jpg   , Medium Close-Up
img109492.jpg   , Medium Close-Up
img146661.jpg   , Medium
img167017.jpg   , Close-Up
img170530.jpg   , Close-Up
img025284.jpg   , Medium Close-Up
img037891.jpg   , Medium
img006408.jpg   , Medium Close-Up
img040160.jpg   , Medium
img027132.jpg   , Close-Up
img027487.jpg   , Medium Close-Up
img105643.jpg   , Close-Up
img078269.jpg   , Medium
img105910.jpg   , Medium
img077718.jpg   , Medium
img091395.jpg   , Medium
img077661.jpg   , Medium
img128771.jpg   , Close-Up
img022593.jpg   , Medium
img105811.jpg   , Close-Up
img002784.jpg   , Medium
img087336.jpg   , Medium Close-Up
img055414.jpg   , Medium
img153260.jpg   , Long
img150794.jpg   , Long
img027491.jpg   , Medium Close-Up
img074289.jpg   , Extreme Close-Up
img176203.jpg   , Close-Up
img037301.jpg   , Medium
img116434.jpg   , Long
img071093.jpg   , Extreme Wide
img111410.jpg   , Medium Close-Up
img049458.jpg   , Medium
img123329.jpg   , Close-Up
img162085.jpg   , Medium Close-Up
img151307.jpg   , Medium
img018026.jpg   , Close-Up
img174789.jpg   , Medium Close-Up
img171228.jpg   , Close-Up
img011132.jpg   , Extreme Close-Up
img021749.jpg   , Medium Close-Up
img173181.jpg   , Medium Close-Up
img091516.jpg   , Medium Close-Up
img121490.jpg   , Medium
img015458.jpg   , Medium
img109432.jpg   , Medium Close-Up
img063518.jpg   , Medium
img024210.jpg   , Medium Close-Up
img125812.jpg   , Extreme Close-Up
img094246.jpg   , Long
img139346.jpg   , Medium
img174149.jpg   , Extreme Wide
img141727.jpg   , Close-Up
img062327.jpg   , Medium
img104158.jpg   , Medium
img096899.jpg   , Extreme Close-Up
img042248.jpg   , Long
img002587.jpg   , Extreme Close-Up
img173079.jpg   , Long
img037779.jpg   , Medium
img031838.jpg   , Medium
img051531.jpg   , Medium Close-Up
img155536.jpg   , Medium
img090564.jpg   , Long
img011972.jpg   , Long
img040577.jpg   , Medium
img003827.jpg   , Medium
img059133.jpg   , Close-Up
img115201.jpg   , Long
img098295.jpg   , Long
img085380.jpg   , Medium Close-Up
img117028.jpg   , Medium
img145941.jpg   , Medium
img026035.jpg   , Medium
img083670.jpg   , Medium
img166998.jpg   , Close-Up
img097862.jpg   , Long
img170768.jpg   , Close-Up
img148744.jpg   , Extreme Close-Up
img011507.jpg   , Extreme Wide
img077581.jpg   , Medium
img033319.jpg   , Medium
img104546.jpg   , Medium Close-Up
img129378.jpg   , Long
img052368.jpg   , Close-Up
img171148.jpg   , Close-Up
img034809.jpg   , Long
img089242.jpg   , Extreme Wide
img121434.jpg   , Medium
img018202.jpg   , Medium Close-Up
img039990.jpg   , Medium
img018833.jpg   , Medium
img011053.jpg   , Medium
img029682.jpg   , Medium
img090399.jpg   , Long
img156956.jpg   , Medium
img118902.jpg   , Medium Close-Up
img069546.jpg   , Close-Up
img126830.jpg   , Close-Up
img042008.jpg   , Close-Up
img039107.jpg   , Medium
img167537.jpg   , Long
img140413.jpg   , Medium
img013940.jpg   , Close-Up
img012352.jpg   , Medium
img082470.jpg   , Close-Up
img083799.jpg   , Medium
img114523.jpg   , Long
img115840.jpg   , Medium
img098730.jpg   , Medium Close-Up
img077990.jpg   , Close-Up
img017008.jpg   , Close-Up
img065855.jpg   , Medium Close-Up
img047864.jpg   , Medium Close-Up
img095893.jpg   , Close-Up
img005726.jpg   , Medium
img172499.jpg   , Close-Up
img017512.jpg   , Close-Up
img171636.jpg   , Close-Up
img126221.jpg   , Extreme Close-Up
img125246.jpg   , Medium
img166249.jpg   , Close-Up
img174996.jpg   , Medium
img019996.jpg   , Long
img145441.jpg   , Medium
img050674.jpg   , Medium Close-Up
img084661.jpg   , Medium
img085237.jpg   , Close-Up
img060340.jpg   , Long
img085332.jpg   , Medium Close-Up
img010890.jpg   , Long
img150602.jpg   , Long
img057293.jpg   , Medium
img157292.jpg   , Medium
img027282.jpg   , Medium Close-Up
img060470.jpg   , Medium
img017553.jpg   , Close-Up
img070661.jpg   , Close-Up
img109955.jpg   , Close-Up
img075977.jpg   , Long
img077707.jpg   , Medium
img156888.jpg   , Medium
img052452.jpg   , Medium Close-Up
img062662.jpg   , Close-Up
img039503.jpg   , Medium
img048941.jpg   , Medium Close-Up
img170921.jpg   , Close-Up
img032669.jpg   , Medium Close-Up
img121838.jpg   , Medium
img122846.jpg   , Medium
img157345.jpg   , Medium
img065347.jpg   , Close-Up
img046299.jpg   , Medium Close-Up
img117160.jpg   , Close-Up
img101742.jpg   , Medium Close-Up
img109835.jpg   , Medium
img165926.jpg   , Close-Up
img179486.jpg   , Close-Up
img156489.jpg   , Long
img072913.jpg   , Medium Close-Up
img111452.jpg   , Medium Close-Up
img029170.jpg   , Medium
img004334.jpg   , Extreme Close-Up
img069706.jpg   , Close-Up
img036863.jpg   , Medium
img086747.jpg   , Long
img127814.jpg   , Extreme Close-Up
img095662.jpg   , Medium
img045555.jpg   , Medium Close-Up
img069303.jpg   , Close-Up
img020242.jpg   , Close-Up
img113260.jpg   , Medium
img101183.jpg   , Medium Close-Up
img159252.jpg   , Close-Up
img172836.jpg   , Close-Up
img174604.jpg   , Medium
img007864.jpg   , Long
img093872.jpg   , Medium
img046651.jpg   , Medium
img075548.jpg   , Long
img062140.jpg   , Medium
img075984.jpg   , Long
img049275.jpg   , Medium
img004983.jpg   , Extreme Close-Up
img033627.jpg   , Long
img017308.jpg   , Close-Up
img121504.jpg   , Medium
img153968.jpg   , Long
img068204.jpg   , Medium
img057737.jpg   , Extreme Close-Up
img008650.jpg   , Close-Up
img162706.jpg   , Close-Up
img060493.jpg   , Long
img142176.jpg   , Medium Close-Up
img064783.jpg   , Close-Up
img150274.jpg   , Extreme Close-Up
img056858.jpg   , Medium Close-Up
img029117.jpg   , Medium Close-Up
img059371.jpg   , Long
img138689.jpg   , Close-Up
img172890.jpg   , Close-Up
img166255.jpg   , Close-Up
img024654.jpg   , Close-Up
img039068.jpg   , Medium
img008646.jpg   , Close-Up
img095746.jpg   , Long
img155498.jpg   , Medium
img127686.jpg   , Extreme Close-Up
img015126.jpg   , Medium
img081281.jpg   , Medium
img059208.jpg   , Long
img060518.jpg   , Medium Close-Up
img044227.jpg   , Extreme Close-Up
img175899.jpg   , Long
img053385.jpg   , Medium Close-Up
img049542.jpg   , Medium
img087005.jpg   , Medium
img018520.jpg   , Medium Close-Up
img167207.jpg   , Medium Close-Up
img007538.jpg   , Long
img097518.jpg   , Long
img117949.jpg   , Medium Close-Up
img149006.jpg   , Close-Up
img143884.jpg   , Close-Up
img179630.jpg   , Medium
img053531.jpg   , Medium
img055600.jpg   , Medium Close-Up
img011455.jpg   , Long
img045736.jpg   , Medium
img134813.jpg   , Long
img169680.jpg   , Medium
img150555.jpg   , Long
img049794.jpg   , Close-Up
img086731.jpg   , Extreme Wide
img151544.jpg   , Long
img145019.jpg   , Close-Up
img096923.jpg   , Extreme Close-Up
img017640.jpg   , Close-Up
img078007.jpg   , Close-Up
img020783.jpg   , Long
img060383.jpg   , Medium
img044564.jpg   , Medium Close-Up
img090461.jpg   , Long
img158669.jpg   , Long
img046486.jpg   , Medium
img055362.jpg   , Medium
img015760.jpg   , Medium Close-Up
img036755.jpg   , Long
img157558.jpg   , Medium
img107844.jpg   , Medium
img152810.jpg   , Long
img052600.jpg   , Close-Up
img146714.jpg   , Medium
img035950.jpg   , Close-Up
img049716.jpg   , Medium Close-Up
img170791.jpg   , Close-Up
img015548.jpg   , Medium
img149133.jpg   , Medium
img123588.jpg   , Extreme Wide
img147557.jpg   , Medium
img143617.jpg   , Close-Up
img115990.jpg   , Medium
img103332.jpg   , Close-Up
img010754.jpg   , Long
img083201.jpg   , Medium Close-Up
img044519.jpg   , Medium Close-Up
img081049.jpg   , Medium
img028720.jpg   , Medium
img098153.jpg   , Long
img143732.jpg   , Close-Up
img094431.jpg   , Close-Up
img140552.jpg   , Medium
img157381.jpg   , Medium
img084963.jpg   , Extreme Wide
img017278.jpg   , Close-Up
img037075.jpg   , Medium
img133858.jpg   , Close-Up
img179517.jpg   , Medium
img009967.jpg   , Medium
img046479.jpg   , Medium Close-Up
img135340.jpg   , Long
img179237.jpg   , Long
img171779.jpg   , Close-Up
img112937.jpg   , Medium Close-Up
img044625.jpg   , Medium Close-Up
img113563.jpg   , Long
img038664.jpg   , Medium Close-Up
img061236.jpg   , Medium
img144800.jpg   , Close-Up
img168699.jpg   , Medium
img120588.jpg   , Medium
img020458.jpg   , Medium Close-Up
img039702.jpg   , Medium Close-Up
img058759.jpg   , Medium Close-Up
img043121.jpg   , Long
img169655.jpg   , Medium
img099808.jpg   , Medium
img016876.jpg   , Close-Up
img072080.jpg   , Close-Up
img175402.jpg   , Long
img084193.jpg   , Medium
img105253.jpg   , Extreme Wide
img126862.jpg   , Close-Up
img120719.jpg   , Medium
img078036.jpg   , Close-Up
img026282.jpg   , Medium Close-Up
img114878.jpg   , Medium
img028902.jpg   , Medium Close-Up
img070023.jpg   , Close-Up
img006899.jpg   , Close-Up
img014262.jpg   , Medium
img054210.jpg   , Medium
img060286.jpg   , Long
img008183.jpg   , Long
img029164.jpg   , Medium
img150259.jpg   , Close-Up
img130635.jpg   , Long
img028396.jpg   , Close-Up
img004063.jpg   , Extreme Close-Up
img058602.jpg   , Medium
img067742.jpg   , Medium
img086436.jpg   , Medium Close-Up
img107585.jpg   , Medium Close-Up
img008916.jpg   , Long
img149440.jpg   , Long
img177670.jpg   , Long
img056325.jpg   , Medium Close-Up
img003020.jpg   , Extreme Close-Up
img150436.jpg   , Medium
img083902.jpg   , Medium
img013948.jpg   , Close-Up
img062108.jpg   , Medium
img117463.jpg   , Long
img095858.jpg   , Extreme Close-Up
img168674.jpg   , Medium
img178982.jpg   , Close-Up
img019709.jpg   , Extreme Wide
img056343.jpg   , Medium Close-Up
img042499.jpg   , Medium Close-Up
img169427.jpg   , Medium
img166687.jpg   , Medium Close-Up
img103734.jpg   , Extreme Close-Up
img127893.jpg   , Medium
img019123.jpg   , Medium
img024393.jpg   , Medium Close-Up
img159972.jpg   , Medium Close-Up
img144936.jpg   , Medium Close-Up
img178431.jpg   , Medium
img020909.jpg   , Long
img027973.jpg   , Close-Up
img044132.jpg   , Close-Up
img104136.jpg   , Medium Close-Up
img021206.jpg   , Close-Up
img159987.jpg   , Medium Close-Up
img034927.jpg   , Medium Close-Up
img008948.jpg   , Long
img174022.jpg   , Close-Up
img021881.jpg   , Medium Close-Up
img124186.jpg   , Medium
img165385.jpg   , Medium
img002490.jpg   , Medium Close-Up
img140143.jpg   , Extreme Close-Up
img132538.jpg   , Medium Close-Up
img079228.jpg   , Long
img041653.jpg   , Close-Up
img063993.jpg   , Medium
img159683.jpg   , Long
img065424.jpg   , Close-Up
img144916.jpg   , Medium Close-Up
img049822.jpg   , Close-Up
img042410.jpg   , Medium Close-Up
img177295.jpg   , Medium Close-Up
img163508.jpg   , Close-Up
img044219.jpg   , Extreme Close-Up
img054451.jpg   , Long
img003939.jpg   , Medium
img066308.jpg   , Medium Close-Up
img146703.jpg   , Medium
img137016.jpg   , Extreme Close-Up
img088103.jpg   , Long
img078017.jpg   , Close-Up
img116063.jpg   , Medium
img039110.jpg   , Medium
img154485.jpg   , Close-Up
img021210.jpg   , Medium
img118017.jpg   , Medium Close-Up
img008845.jpg   , Long
img011856.jpg   , Long
img057049.jpg   , Close-Up
img010794.jpg   , Medium
img156533.jpg   , Long
img075537.jpg   , Long
img156171.jpg   , Medium
img144843.jpg   , Close-Up
img159008.jpg   , Close-Up
img115849.jpg   , Medium
img118620.jpg   , Medium Close-Up
img093909.jpg   , Close-Up
img042211.jpg   , Long
img070522.jpg   , Close-Up
img137563.jpg   , Close-Up
img020191.jpg   , Long
img179151.jpg   , Close-Up
img023553.jpg   , Long
img031343.jpg   , Medium
img147695.jpg   , Medium
img153622.jpg   , Long
img122876.jpg   , Medium
img056948.jpg   , Long
img056684.jpg   , Medium Close-Up
img131467.jpg   , Medium
img125595.jpg   , Extreme Close-Up
img089181.jpg   , Extreme Wide
img048036.jpg   , Medium Close-Up
img100764.jpg   , Medium Close-Up
img013927.jpg   , Close-Up
img095264.jpg   , Long
img039466.jpg   , Medium
img050085.jpg   , Medium Close-Up
img108540.jpg   , Medium
img122367.jpg   , Medium Close-Up
img019630.jpg   , Long
img039808.jpg   , Medium Close-Up
img100388.jpg   , Close-Up
img104751.jpg   , Close-Up
img097519.jpg   , Long
img040287.jpg   , Medium Close-Up
img119265.jpg   , Long
img094546.jpg   , Close-Up
img175247.jpg   , Long
img143673.jpg   , Close-Up
img106285.jpg   , Medium
img060296.jpg   , Long
img047112.jpg   , Close-Up
img167568.jpg   , Medium Close-Up
img064830.jpg   , Close-Up
img139578.jpg   , Medium
img105817.jpg   , Close-Up
img158549.jpg   , Long
img163621.jpg   , Medium Close-Up
img023239.jpg   , Medium
img019506.jpg   , Long
img164924.jpg   , Long
img057375.jpg   , Close-Up
img098946.jpg   , Medium
img136889.jpg   , Extreme Close-Up
img016916.jpg   , Medium Close-Up
img089214.jpg   , Extreme Wide
img099755.jpg   , Medium Close-Up
img019999.jpg   , Close-Up
img011120.jpg   , Extreme Close-Up
img090965.jpg   , Extreme Close-Up
img058583.jpg   , Medium
img124160.jpg   , Medium
img098782.jpg   , Medium
img030298.jpg   , Medium
img077603.jpg   , Medium
img064440.jpg   , Long
img011998.jpg   , Medium
img166661.jpg   , Close-Up
img080121.jpg   , Close-Up
img096037.jpg   , Long
img083325.jpg   , Medium
img003751.jpg   , Extreme Close-Up
img008917.jpg   , Long
img108290.jpg   , Close-Up
img105381.jpg   , Medium
img079221.jpg   , Long
img072173.jpg   , Close-Up
img046648.jpg   , Medium Close-Up
img162460.jpg   , Close-Up
img005944.jpg   , Medium
img132731.jpg   , Medium Close-Up
img062557.jpg   , Close-Up
img073442.jpg   , Medium
img115867.jpg   , Medium
img125842.jpg   , Medium Close-Up
img113995.jpg   , Medium
img130115.jpg   , Close-Up
img129183.jpg   , Extreme Wide
img129455.jpg   , Long
img176357.jpg   , Close-Up
img098272.jpg   , Long
img176796.jpg   , Close-Up
img143540.jpg   , Medium Close-Up
img064666.jpg   , Long
img038633.jpg   , Medium Close-Up
img002543.jpg   , Medium
img060924.jpg   , Medium
img179850.jpg   , Medium Close-Up
img054643.jpg   , Medium Close-Up
img107392.jpg   , Close-Up
img086885.jpg   , Medium
img132061.jpg   , Medium Close-Up
img144954.jpg   , Medium Close-Up
img017054.jpg   , Close-Up
img032008.jpg   , Medium Close-Up
img032189.jpg   , Medium Close-Up
img087812.jpg   , Long
img029133.jpg   , Medium
img142878.jpg   , Close-Up
img144681.jpg   , Close-Up
img067936.jpg   , Medium
img116706.jpg   , Extreme Wide
img035040.jpg   , Long
img096810.jpg   , Extreme Close-Up
img093333.jpg   , Long
img053539.jpg   , Medium Close-Up
img149864.jpg   , Medium
img044225.jpg   , Extreme Close-Up
img091496.jpg   , Medium Close-Up
img121575.jpg   , Medium
img113609.jpg   , Medium
img172233.jpg   , Close-Up
img087585.jpg   , Medium Close-Up
img103453.jpg   , Long
img146332.jpg   , Extreme Close-Up
img088130.jpg   , Long
img099930.jpg   , Close-Up
img006796.jpg   , Close-Up
img009167.jpg   , Long
img094551.jpg   , Close-Up
img128857.jpg   , Close-Up
img062447.jpg   , Medium
img165582.jpg   , Long
img039056.jpg   , Medium
img133996.jpg   , Close-Up
img113660.jpg   , Medium Close-Up
img022493.jpg   , Medium Close-Up
img145331.jpg   , Medium Close-Up
img005752.jpg   , Medium
img010218.jpg   , Medium
img155755.jpg   , Close-Up
img089330.jpg   , Long
img074782.jpg   , Medium
img059085.jpg   , Close-Up
img042718.jpg   , Long
img128056.jpg   , Medium
img042803.jpg   , Extreme Wide
img083043.jpg   , Medium Close-Up
img173381.jpg   , Medium Close-Up
img003479.jpg   , Close-Up
img070991.jpg   , Long
img133345.jpg   , Medium Close-Up
img145994.jpg   , Close-Up
img168754.jpg   , Medium Close-Up
img059485.jpg   , Long
img012375.jpg   , Medium
img143245.jpg   , Long
img082100.jpg   , Medium
img102997.jpg   , Medium
img096092.jpg   , Long
img143043.jpg   , Long
img115595.jpg   , Medium
img004278.jpg   , Extreme Close-Up
img095590.jpg   , Medium
img155999.jpg   , Long
img058865.jpg   , Medium
img126088.jpg   , Medium
img150156.jpg   , Long
img038143.jpg   , Medium Close-Up
img096357.jpg   , Long
img177425.jpg   , Long
img064377.jpg   , Medium
img171751.jpg   , Close-Up
img020031.jpg   , Close-Up
img086993.jpg   , Medium
img095688.jpg   , Medium
img177523.jpg   , Medium
img072494.jpg   , Close-Up
img013532.jpg   , Medium Close-Up
img174937.jpg   , Medium
img036893.jpg   , Medium
img016783.jpg   , Extreme Wide
img169110.jpg   , Close-Up
img156450.jpg   , Long
img073724.jpg   , Medium Close-Up
img092219.jpg   , Long
img135058.jpg   , Medium
img119723.jpg   , Close-Up
img108493.jpg   , Medium
img111871.jpg   , Medium Close-Up
img021807.jpg   , Medium Close-Up
img094192.jpg   , Long
img155684.jpg   , Close-Up
img074216.jpg   , Long
img142154.jpg   , Medium
img119360.jpg   , Long
img106274.jpg   , Medium
img048245.jpg   , Close-Up
img145586.jpg   , Close-Up
img084002.jpg   , Medium
img116351.jpg   , Long
img132298.jpg   , Medium Close-Up
img099540.jpg   , Medium Close-Up
img110691.jpg   , Medium Close-Up
img094394.jpg   , Medium
img076303.jpg   , Close-Up
img026636.jpg   , Close-Up
img022462.jpg   , Medium Close-Up
img039657.jpg   , Medium Close-Up
img169754.jpg   , Medium
img017127.jpg   , Medium Close-Up
img158193.jpg   , Medium
img158815.jpg   , Long
img007546.jpg   , Long
img041952.jpg   , Close-Up
img054382.jpg   , Long
img005687.jpg   , Long
img058306.jpg   , Medium
img067696.jpg   , Medium
img113524.jpg   , Medium Close-Up
img045732.jpg   , Medium Close-Up
img130539.jpg   , Medium
img141367.jpg   , Close-Up
img034098.jpg   , Close-Up
img071861.jpg   , Extreme Close-Up
img162111.jpg   , Medium Close-Up
img083616.jpg   , Medium
img022104.jpg   , Long
img128520.jpg   , Medium Close-Up
img031942.jpg   , Medium Close-Up
img173028.jpg   , Close-Up
img150940.jpg   , Medium Close-Up
img156276.jpg   , Medium
img159117.jpg   , Close-Up
img096474.jpg   , Medium
img065806.jpg   , Medium Close-Up
img130548.jpg   , Medium
img158437.jpg   , Extreme Close-Up
img024970.jpg   , Medium
img166132.jpg   , Medium
img162140.jpg   , Medium Close-Up
img121621.jpg   , Medium
img116148.jpg   , Medium
img017778.jpg   , Medium Close-Up
img093700.jpg   , Long
img100952.jpg   , Extreme Close-Up
img077041.jpg   , Long
img152631.jpg   , Medium
img031296.jpg   , Medium
img064883.jpg   , Long
img071252.jpg   , Long
img029330.jpg   , Close-Up
img006282.jpg   , Medium Close-Up
img173959.jpg   , Medium Close-Up
img101359.jpg   , Long
img003356.jpg   , Close-Up
img063167.jpg   , Long
img143300.jpg   , Long
img104885.jpg   , Medium
img094850.jpg   , Long
img136446.jpg   , Medium
img145907.jpg   , Extreme Close-Up
img033669.jpg   , Extreme Wide
img114517.jpg   , Long
img062711.jpg   , Medium
img088756.jpg   , Medium Close-Up
img047447.jpg   , Medium Close-Up
img038605.jpg   , Medium Close-Up
img114421.jpg   , Extreme Wide
img167998.jpg   , Medium Close-Up
img156503.jpg   , Long
img018627.jpg   , Medium Close-Up
img016358.jpg   , Medium Close-Up
img059857.jpg   , Long
img120416.jpg   , Medium Close-Up
img104622.jpg   , Close-Up
img126033.jpg   , Medium
img076012.jpg   , Long
img066641.jpg   , Medium Close-Up
img099877.jpg   , Medium
img131027.jpg   , Medium Close-Up
img007345.jpg   , Medium
img142921.jpg   , Medium
img046173.jpg   , Medium Close-Up
img121525.jpg   , Medium
img133513.jpg   , Medium Close-Up
img177185.jpg   , Long
img092495.jpg   , Medium
img006535.jpg   , Medium
img021663.jpg   , Medium Close-Up
img059755.jpg   , Long
img097460.jpg   , Long
img064083.jpg   , Medium
img169694.jpg   , Medium
img156745.jpg   , Long
img153043.jpg   , Long
img173205.jpg   , Medium Close-Up
img178501.jpg   , Medium
img124880.jpg   , Medium Close-Up
img024243.jpg   , Medium Close-Up
img011014.jpg   , Medium
img178309.jpg   , Long
img063067.jpg   , Long
img082299.jpg   , Close-Up
img128903.jpg   , Long
img049983.jpg   , Close-Up
img049915.jpg   , Close-Up
img109490.jpg   , Medium Close-Up
img030890.jpg   , Extreme Wide
img103981.jpg   , Long
img161961.jpg   , Medium Close-Up
img147644.jpg   , Long
img020137.jpg   , Long
img100262.jpg   , Close-Up
img032212.jpg   , Medium Close-Up
img167758.jpg   , Medium
img011480.jpg   , Long
img147161.jpg   , Close-Up
img022265.jpg   , Medium
img161454.jpg   , Close-Up
img009275.jpg   , Long
img117292.jpg   , Long
img176758.jpg   , Close-Up
img056482.jpg   , Medium Close-Up
img014396.jpg   , Medium Close-Up
img071770.jpg   , Medium
img063580.jpg   , Extreme Close-Up
img072915.jpg   , Medium Close-Up
img108681.jpg   , Medium
img118758.jpg   , Medium
img009363.jpg   , Close-Up
img163791.jpg   , Close-Up
img084875.jpg   , Medium
img124296.jpg   , Medium
img147711.jpg   , Medium
img130532.jpg   , Medium
img030286.jpg   , Medium
img068473.jpg   , Medium
img110083.jpg   , Close-Up
img103287.jpg   , Extreme Close-Up
img079818.jpg   , Medium Close-Up
img098563.jpg   , Medium
img007840.jpg   , Long
img103246.jpg   , Medium
img121760.jpg   , Medium
img131131.jpg   , Medium Close-Up
img010859.jpg   , Medium Close-Up
img159152.jpg   , Close-Up
img130074.jpg   , Close-Up
img025975.jpg   , Close-Up
img055113.jpg   , Long
img015022.jpg   , Medium
img095389.jpg   , Extreme Close-Up
img105358.jpg   , Medium
img034212.jpg   , Close-Up
img156299.jpg   , Close-Up
img092006.jpg   , Long
img083310.jpg   , Close-Up
img050901.jpg   , Close-Up
img068022.jpg   , Medium
img039423.jpg   , Close-Up
img100778.jpg   , Medium
img092963.jpg   , Long
img076046.jpg   , Long
img051444.jpg   , Close-Up
img059269.jpg   , Long
img026172.jpg   , Close-Up
img167655.jpg   , Close-Up
img102001.jpg   , Medium
img072405.jpg   , Medium
img020231.jpg   , Medium Close-Up
img065601.jpg   , Close-Up
img164574.jpg   , Close-Up
img107440.jpg   , Close-Up
img111094.jpg   , Medium
img099390.jpg   , Medium Close-Up
img015758.jpg   , Medium Close-Up
img075949.jpg   , Long
img088427.jpg   , Medium Close-Up
img133163.jpg   , Medium Close-Up
img160518.jpg   , Medium
img069679.jpg   , Close-Up
img134536.jpg   , Medium Close-Up
img169471.jpg   , Close-Up
img046978.jpg   , Close-Up
img096997.jpg   , Extreme Close-Up
img070595.jpg   , Close-Up
img021402.jpg   , Medium Close-Up
img099118.jpg   , Medium Close-Up
img088140.jpg   , Long
img103583.jpg   , Long
img162827.jpg   , Long
img172388.jpg   , Close-Up
img139896.jpg   , Medium Close-Up
img075304.jpg   , Medium Close-Up
img023296.jpg   , Medium
img049731.jpg   , Medium Close-Up
img023728.jpg   , Medium
img090596.jpg   , Long
img150867.jpg   , Long
img009684.jpg   , Medium
img131930.jpg   , Medium Close-Up
img079159.jpg   , Long
img153415.jpg   , Long
img018700.jpg   , Medium Close-Up
img126125.jpg   , Medium
img092931.jpg   , Long
img043395.jpg   , Long
img025605.jpg   , Medium
img175393.jpg   , Medium
img131646.jpg   , Medium
img068400.jpg   , Medium Close-Up
img018184.jpg   , Medium Close-Up
img079980.jpg   , Close-Up
img007835.jpg   , Long
img136240.jpg   , Long
img170840.jpg   , Close-Up
img077181.jpg   , Long
img021279.jpg   , Medium
img175235.jpg   , Long
img127907.jpg   , Medium
img035356.jpg   , Close-Up
img104841.jpg   , Medium
img091307.jpg   , Medium Close-Up
img091132.jpg   , Medium Close-Up
img155735.jpg   , Close-Up
img063312.jpg   , Medium
img138294.jpg   , Medium Close-Up
img132915.jpg   , Medium Close-Up
img007079.jpg   , Long
img011774.jpg   , Long
img108319.jpg   , Close-Up
img021802.jpg   , Medium Close-Up
img079314.jpg   , Long
img132700.jpg   , Medium Close-Up
img144819.jpg   , Close-Up
img097648.jpg   , Long
img052827.jpg   , Extreme Close-Up
img163276.jpg   , Medium Close-Up
img134025.jpg   , Close-Up
img104398.jpg   , Medium
img161867.jpg   , Medium Close-Up
img060957.jpg   , Medium
img061447.jpg   , Medium
img046362.jpg   , Close-Up
img025828.jpg   , Medium
img120892.jpg   , Medium
img028729.jpg   , Medium
img089871.jpg   , Extreme Wide
img138781.jpg   , Medium Close-Up
img038104.jpg   , Medium Close-Up
img099903.jpg   , Medium
img030321.jpg   , Medium
img123597.jpg   , Extreme Wide
img082030.jpg   , Medium Close-Up
img096415.jpg   , Long
img088682.jpg   , Close-Up
img083256.jpg   , Medium Close-Up
img113743.jpg   , Medium Close-Up
img149997.jpg   , Close-Up
img004125.jpg   , Extreme Close-Up
img071407.jpg   , Close-Up
img059298.jpg   , Long
img121050.jpg   , Medium Close-Up
img027409.jpg   , Medium Close-Up
img175296.jpg   , Close-Up
img043460.jpg   , Long
img153638.jpg   , Long
img099920.jpg   , Medium Close-Up
img142216.jpg   , Medium Close-Up
img006319.jpg   , Medium Close-Up
img004356.jpg   , Extreme Close-Up
img086000.jpg   , Medium Close-Up
img162731.jpg   , Close-Up
img059069.jpg   , Close-Up
img162961.jpg   , Medium
img080968.jpg   , Medium
img090784.jpg   , Medium
img108887.jpg   , Medium Close-Up
img062365.jpg   , Long
img138327.jpg   , Close-Up
img070328.jpg   , Close-Up
img053677.jpg   , Long
img159037.jpg   , Close-Up
img153049.jpg   , Long
img067881.jpg   , Medium
img136822.jpg   , Medium Close-Up
img167062.jpg   , Close-Up
img108571.jpg   , Long
img025124.jpg   , Medium Close-Up
img110709.jpg   , Medium Close-Up
img159718.jpg   , Long
img057085.jpg   , Close-Up
img041294.jpg   , Long
img026861.jpg   , Close-Up
img009505.jpg   , Long
img104793.jpg   , Close-Up
img091019.jpg   , Medium
img079974.jpg   , Extreme Close-Up
img117670.jpg   , Medium Close-Up
img096918.jpg   , Extreme Close-Up
img077190.jpg   , Long
img024684.jpg   , Close-Up
img143251.jpg   , Long
img102109.jpg   , Medium
img162424.jpg   , Close-Up
img063213.jpg   , Long
img103671.jpg   , Close-Up
img116524.jpg   , Extreme Wide
img128049.jpg   , Extreme Close-Up
img087962.jpg   , Long
img099532.jpg   , Medium Close-Up
img137678.jpg   , Medium
img146474.jpg   , Close-Up
img013722.jpg   , Close-Up
img065915.jpg   , Medium Close-Up
img041162.jpg   , Medium Close-Up
img165279.jpg   , Close-Up
img162788.jpg   , Long
img104176.jpg   , Medium Close-Up
img071755.jpg   , Medium
img016785.jpg   , Extreme Wide
img015245.jpg   , Medium
img097450.jpg   , Long
img169751.jpg   , Medium
img051670.jpg   , Medium Close-Up
img074788.jpg   , Medium
img090123.jpg   , Medium
img045883.jpg   , Long
img009470.jpg   , Medium
img034028.jpg   , Close-Up
img026877.jpg   , Close-Up
img104799.jpg   , Close-Up
img136597.jpg   , Medium
img117868.jpg   , Medium Close-Up
img141187.jpg   , Medium
img167194.jpg   , Medium Close-Up
img088321.jpg   , Medium Close-Up
img157579.jpg   , Medium
img082343.jpg   , Close-Up
img081541.jpg   , Medium Close-Up
img007641.jpg   , Medium
img088000.jpg   , Long
img101395.jpg   , Long
img159606.jpg   , Extreme Close-Up
img080045.jpg   , Medium
img070000.jpg   , Close-Up
img109472.jpg   , Medium Close-Up
img041964.jpg   , Close-Up
img047453.jpg   , Medium
img026179.jpg   , Close-Up
img072049.jpg   , Medium Close-Up
img044432.jpg   , Close-Up
img104370.jpg   , Medium
img084591.jpg   , Close-Up
img017199.jpg   , Medium Close-Up
img118521.jpg   , Long
img133359.jpg   , Medium Close-Up
img029825.jpg   , Close-Up
img092044.jpg   , Long
img163145.jpg   , Close-Up
img101106.jpg   , Medium
img145039.jpg   , Close-Up
img075974.jpg   , Long
img112752.jpg   , Medium Close-Up
img010548.jpg   , Long
img013716.jpg   , Close-Up
img160833.jpg   , Medium Close-Up
img180109.jpg   , Medium
img036996.jpg   , Medium Close-Up
img027235.jpg   , Close-Up
img168330.jpg   , Close-Up
img002064.jpg   , Medium
img119385.jpg   , Long
img032017.jpg   , Medium Close-Up
img090276.jpg   , Long
img040213.jpg   , Medium
img110155.jpg   , Close-Up
img116700.jpg   , Extreme Wide
img112436.jpg   , Medium
img014046.jpg   , Close-Up
img099527.jpg   , Medium Close-Up
img119798.jpg   , Medium Close-Up
img090388.jpg   , Long
img121827.jpg   , Medium
img081380.jpg   , Medium
img136516.jpg   , Medium
img120211.jpg   , Medium Close-Up
img039744.jpg   , Medium Close-Up
img013333.jpg   , Extreme Wide
img035076.jpg   , Long
img106163.jpg   , Long
img066818.jpg   , Medium Close-Up
img023197.jpg   , Medium Close-Up
img058307.jpg   , Medium
img088864.jpg   , Long
img060100.jpg   , Medium
img035301.jpg   , Close-Up
img011052.jpg   , Medium
img088158.jpg   , Long
img149784.jpg   , Long
img161258.jpg   , Medium Close-Up
img161824.jpg   , Medium Close-Up
img142691.jpg   , Long
img016729.jpg   , Medium
img154393.jpg   , Close-Up
img052678.jpg   , Close-Up
img019171.jpg   , Long
img095199.jpg   , Long
img030711.jpg   , Medium
img102514.jpg   , Medium
img136562.jpg   , Medium Close-Up
img052438.jpg   , Medium Close-Up
img016384.jpg   , Medium Close-Up
img101859.jpg   , Extreme Close-Up
img169900.jpg   , Medium
img133817.jpg   , Close-Up
img178033.jpg   , Long
img061350.jpg   , Medium
img047957.jpg   , Medium Close-Up
img081631.jpg   , Medium
img123015.jpg   , Medium
img155864.jpg   , Close-Up
img076080.jpg   , Medium Close-Up
img095728.jpg   , Extreme Close-Up
img141779.jpg   , Medium
img048320.jpg   , Close-Up
img119199.jpg   , Close-Up
img039346.jpg   , Long
img072658.jpg   , Medium Close-Up
img171745.jpg   , Close-Up
img061335.jpg   , Medium
img065715.jpg   , Medium Close-Up
img033303.jpg   , Medium
img087097.jpg   , Long
img059036.jpg   , Medium
img168499.jpg   , Medium Close-Up
img053579.jpg   , Medium
img109014.jpg   , Medium Close-Up
img083210.jpg   , Medium Close-Up
img145764.jpg   , Medium
img101494.jpg   , Close-Up
img171926.jpg   , Close-Up
img057634.jpg   , Medium
img032541.jpg   , Close-Up
img121836.jpg   , Medium
img122456.jpg   , Medium Close-Up
img071517.jpg   , Close-Up
img159937.jpg   , Medium Close-Up
img134492.jpg   , Medium Close-Up
img153711.jpg   , Long
img046847.jpg   , Close-Up
img150658.jpg   , Long
img073991.jpg   , Medium
img126305.jpg   , Close-Up
img127206.jpg   , Close-Up
img053095.jpg   , Long
img123805.jpg   , Medium
img129225.jpg   , Extreme Wide
img009963.jpg   , Medium
img080180.jpg   , Extreme Close-Up
img029407.jpg   , Medium
img116109.jpg   , Medium
img175055.jpg   , Long
img175408.jpg   , Long
img037179.jpg   , Medium
img047921.jpg   , Medium Close-Up
img178715.jpg   , Medium
img045396.jpg   , Medium Close-Up
img178583.jpg   , Medium
img061278.jpg   , Medium
img010586.jpg   , Medium
img163873.jpg   , Long
img163906.jpg   , Long
img084539.jpg   , Close-Up
img071000.jpg   , Long
img100604.jpg   , Close-Up
img032032.jpg   , Medium Close-Up
img143623.jpg   , Close-Up
img119185.jpg   , Close-Up
img080955.jpg   , Medium
img116392.jpg   , Extreme Wide
img059537.jpg   , Long
img122298.jpg   , Medium
img170861.jpg   , Close-Up
img063272.jpg   , Long
img134082.jpg   , Medium
img066218.jpg   , Medium Close-Up
img094945.jpg   , Medium
img054437.jpg   , Long
img167292.jpg   , Long
img144432.jpg   , Medium Close-Up
img108883.jpg   , Medium Close-Up
img015171.jpg   , Medium
img089608.jpg   , Extreme Wide
img036887.jpg   , Medium
img158779.jpg   , Long
img174396.jpg   , Close-Up
img107304.jpg   , Medium Close-Up
img097651.jpg   , Long
img071433.jpg   , Close-Up
img101943.jpg   , Medium
img175698.jpg   , Long
img097262.jpg   , Extreme Close-Up
img167211.jpg   , Medium Close-Up
img141852.jpg   , Medium
img052859.jpg   , Close-Up
img132477.jpg   , Medium Close-Up
img130584.jpg   , Medium
img009902.jpg   , Long
img044088.jpg   , Close-Up
img093734.jpg   , Long
img063956.jpg   , Medium
img043470.jpg   , Long
img008633.jpg   , Close-Up
img074682.jpg   , Close-Up
img081959.jpg   , Medium Close-Up
img026085.jpg   , Medium
img032176.jpg   , Medium Close-Up
img173921.jpg   , Close-Up
img004900.jpg   , Close-Up
img078458.jpg   , Medium
img045490.jpg   , Medium Close-Up
img126751.jpg   , Close-Up
img062395.jpg   , Long
img104637.jpg   , Close-Up
img068495.jpg   , Medium
img161911.jpg   , Medium Close-Up
img102417.jpg   , Long
img078732.jpg   , Close-Up
img165440.jpg   , Medium
img124348.jpg   , Medium
img135892.jpg   , Extreme Wide
img041447.jpg   , Long
img011602.jpg   , Extreme Wide
img121088.jpg   , Medium Close-Up
img065861.jpg   , Medium Close-Up
img139393.jpg   , Medium
img168566.jpg   , Medium
img145939.jpg   , Medium
img180060.jpg   , Medium
img048671.jpg   , Medium Close-Up
img133993.jpg   , Close-Up
img045719.jpg   , Medium Close-Up
img139163.jpg   , Medium
img051104.jpg   , Medium Close-Up
img114111.jpg   , Long
img083131.jpg   , Close-Up
img063049.jpg   , Long
img139883.jpg   , Close-Up
img060460.jpg   , Long
img029933.jpg   , Medium
img075960.jpg   , Long
img006618.jpg   , Long
img122401.jpg   , Medium Close-Up
img025645.jpg   , Medium
img099811.jpg   , Medium
img094959.jpg   , Medium
img098616.jpg   , Medium
img013738.jpg   , Close-Up
img129083.jpg   , Extreme Wide
img092686.jpg   , Long
img111963.jpg   , Medium Close-Up
img004032.jpg   , Extreme Close-Up
img088672.jpg   , Close-Up
img148722.jpg   , Medium Close-Up
img151960.jpg   , Medium
img099962.jpg   , Medium Close-Up
img170525.jpg   , Close-Up
img083154.jpg   , Medium Close-Up
img067876.jpg   , Medium
img157178.jpg   , Medium Close-Up
img006120.jpg   , Medium Close-Up
img025438.jpg   , Medium Close-Up
img085824.jpg   , Medium
img154374.jpg   , Close-Up
img079765.jpg   , Medium Close-Up
img178642.jpg   , Medium
img018277.jpg   , Medium Close-Up
img085924.jpg   , Medium
img025789.jpg   , Medium
img102260.jpg   , Long
img044128.jpg   , Close-Up
img133367.jpg   , Medium Close-Up
img063113.jpg   , Long
img016494.jpg   , Medium Close-Up
img151062.jpg   , Medium
img144170.jpg   , Medium Close-Up
img072575.jpg   , Medium Close-Up
img003044.jpg   , Medium
img083747.jpg   , Medium
img034657.jpg   , Long
img094636.jpg   , Long
img096641.jpg   , Long
img044125.jpg   , Close-Up
img105844.jpg   , Close-Up
img020467.jpg   , Medium Close-Up
img028231.jpg   , Close-Up
img045829.jpg   , Long
img168509.jpg   , Medium Close-Up
img150021.jpg   , Close-Up
img121252.jpg   , Medium
img110261.jpg   , Close-Up
img078322.jpg   , Medium
img020553.jpg   , Medium Close-Up
img144601.jpg   , Close-Up
img141839.jpg   , Medium
img008171.jpg   , Long
img041904.jpg   , Medium Close-Up
img018669.jpg   , Medium Close-Up
img084780.jpg   , Medium
img147190.jpg   , Medium
img044082.jpg   , Close-Up
img064262.jpg   , Medium
img005954.jpg   , Medium
img156958.jpg   , Long
img158789.jpg   , Long
img065224.jpg   , Medium Close-Up
img175301.jpg   , Close-Up
img129228.jpg   , Extreme Wide
img179581.jpg   , Medium
img125904.jpg   , Medium
img161679.jpg   , Close-Up
img019584.jpg   , Long
img127850.jpg   , Medium
img029623.jpg   , Medium
img101001.jpg   , Long
img013298.jpg   , Extreme Wide
img078107.jpg   , Close-Up
img104411.jpg   , Medium
img068691.jpg   , Long
img017241.jpg   , Close-Up
img034013.jpg   , Close-Up
img075475.jpg   , Medium
img101611.jpg   , Medium Close-Up
img102213.jpg   , Long
img144664.jpg   , Medium Close-Up
img143971.jpg   , Close-Up
img034397.jpg   , Extreme Wide
img108729.jpg   , Medium
img062133.jpg   , Medium
img110710.jpg   , Medium Close-Up
img034947.jpg   , Medium Close-Up
img097957.jpg   , Long
img072259.jpg   , Long
img099703.jpg   , Medium Close-Up
img061091.jpg   , Medium
img039457.jpg   , Extreme Close-Up
img123256.jpg   , Medium Close-Up
img168762.jpg   , Close-Up
img121643.jpg   , Medium
img104969.jpg   , Long
img012960.jpg   , Medium Close-Up
img025834.jpg   , Medium
img140900.jpg   , Medium Close-Up
img153496.jpg   , Long
img002043.jpg   , Medium
img032987.jpg   , Long
img151692.jpg   , Medium Close-Up
img138092.jpg   , Long
img115202.jpg   , Long
img151557.jpg   , Medium
img023638.jpg   , Long
img004271.jpg   , Extreme Close-Up
img179455.jpg   , Medium
img015706.jpg   , Medium Close-Up
img179298.jpg   , Long
img017281.jpg   , Close-Up
img057205.jpg   , Medium
img166147.jpg   , Long
img067377.jpg   , Long
img095823.jpg   , Long
img007594.jpg   , Long
img056965.jpg   , Extreme Wide
img034983.jpg   , Long
img085650.jpg   , Medium Close-Up
img148207.jpg   , Medium
img082536.jpg   , Close-Up
img012868.jpg   , Medium Close-Up
img042083.jpg   , Medium Close-Up
img126197.jpg   , Extreme Close-Up
img122278.jpg   , Medium
img135702.jpg   , Medium Close-Up
img040832.jpg   , Medium Close-Up
img053355.jpg   , Medium
img041232.jpg   , Long
img011358.jpg   , Medium
img164658.jpg   , Close-Up
img085914.jpg   , Medium
img082763.jpg   , Medium
img073405.jpg   , Long
img063743.jpg   , Medium Close-Up
img091822.jpg   , Close-Up
img145056.jpg   , Medium Close-Up
img008983.jpg   , Long
img075142.jpg   , Long
img059068.jpg   , Close-Up
img092625.jpg   , Long
img091662.jpg   , Extreme Close-Up
img134578.jpg   , Medium Close-Up
img080943.jpg   , Medium
img021134.jpg   , Close-Up
img092716.jpg   , Close-Up
img173884.jpg   , Medium Close-Up
img171458.jpg   , Close-Up
img045471.jpg   , Medium Close-Up
img139495.jpg   , Medium
img151589.jpg   , Medium
img137774.jpg   , Medium Close-Up
img049199.jpg   , Medium Close-Up
img168147.jpg   , Close-Up
img135661.jpg   , Medium Close-Up
img173317.jpg   , Medium Close-Up
img025333.jpg   , Close-Up
img105869.jpg   , Close-Up
img105472.jpg   , Medium
img053922.jpg   , Medium
img105628.jpg   , Close-Up
img134976.jpg   , Medium
img079449.jpg   , Long
img083563.jpg   , Medium
img025306.jpg   , Close-Up
img089202.jpg   , Extreme Wide
img146873.jpg   , Close-Up
img171496.jpg   , Close-Up
img009515.jpg   , Medium
img019794.jpg   , Long
img144635.jpg   , Close-Up
img179587.jpg   , Medium
img026375.jpg   , Close-Up
img001704.jpg   , Medium
img133724.jpg   , Medium Close-Up
img004953.jpg   , Extreme Close-Up
img165294.jpg   , Close-Up
img090030.jpg   , Medium
img034841.jpg   , Long
img139756.jpg   , Medium
img107896.jpg   , Close-Up
img132726.jpg   , Medium Close-Up
img043202.jpg   , Long
img016598.jpg   , Medium Close-Up
img055892.jpg   , Long
img035105.jpg   , Long
img124124.jpg   , Long
img169605.jpg   , Medium
img128057.jpg   , Medium
img023103.jpg   , Medium
img099779.jpg   , Medium
img172577.jpg   , Close-Up
img041886.jpg   , Medium Close-Up
img021816.jpg   , Medium Close-Up
img159647.jpg   , Extreme Close-Up
img069947.jpg   , Close-Up
img029683.jpg   , Medium
img105473.jpg   , Medium
img134142.jpg   , Medium
img108413.jpg   , Close-Up
img011364.jpg   , Medium
img157881.jpg   , Close-Up
img028945.jpg   , Medium
img109543.jpg   , Medium Close-Up
img032719.jpg   , Medium Close-Up
img010643.jpg   , Medium
img139376.jpg   , Medium
img108439.jpg   , Close-Up
img125532.jpg   , Long
img170198.jpg   , Long
img114022.jpg   , Medium
img163030.jpg   , Medium
img179027.jpg   , Medium Close-Up
img112748.jpg   , Medium
img042078.jpg   , Close-Up
img114169.jpg   , Long
img106983.jpg   , Extreme Close-Up
img125789.jpg   , Extreme Close-Up
img163762.jpg   , Medium Close-Up
img156892.jpg   , Medium
img126416.jpg   , Extreme Close-Up
img160904.jpg   , Medium Close-Up
img170987.jpg   , Close-Up
img116738.jpg   , Extreme Wide
img042222.jpg   , Long
img043074.jpg   , Close-Up
img062362.jpg   , Long
img017779.jpg   , Medium Close-Up
img179262.jpg   , Long
